avénement,556207210.6383423
revendications,556519978.8306493
spin,557196895.8412312
caméra,558861440.6528801
cortex,560196743.5634433
cfr,560259962.631119
consortium,562906399.6244018
poe,563567304.5928416
rhythme,564700700.9130933
economique,567300880.9482884
barème,567999634.2981229
postule,568563250.0264537
rythme,568773148.4075267
modern,569083418.3842473
kv,569122401.4338884
poëtes,569705694.1012605
centrée,571706721.6442771
agricultural,571852031.826095
solvant,573414568.2439269
princeton,574477993.3001473
fragmens,574827624.1156145
alimens,575398634.1697646
savoirs,580579583.0663413
mallarmé,580946288.3250827
aménagé,582710989.4418477
d'œil,583437368.6341555
used,586088211.8640506
englobe,588402475.9956753
design,588542219.6093113
autos,589554699.897773
équipements,590169743.369065
souhaitable,592361521.6863731
responsabilités,593739584.7240987
danemarck,593740900.5715864
audio,595223284.2691387
dominance,595488234.7233161
azotique,595680628.5269595
logistique,595843425.7355539
theory,596627198.5759566
press,600008590.4772723
siége,601361059.5184026
infections,602188907.531791
syndicats,603177408.2501844
contrepartie,606033698.5411302
incite,606127624.6610692
fuel,606500052.3649246
model,607188455.7668843
carence,607383440.498666
regional,610348496.5998343
céphalalgie,611910443.0500091
economiques,613006083.4781469
irak,615308325.3802909
dispositifs,615519467.6615752
kg,619044601.61037
implication,619093811.7010952
example,627305377.7190375
génial,629359869.36152
thématique,634844085.2048676
bénéficie,635501532.9336122
financés,641037774.2319653
vitro,645512066.421191
nonseulement,651189790.5999262
disparités,654028740.5841463
collége,656361012.0823982
structuré,657902622.9500371
basic,659425762.5920134
century,661508483.7834466
automatiquement,676794727.7415808
potentiels,684721780.4489328
viet,688154465.4854616
sté,695061093.8937708
potentiel,700348821.2711633
aminés,702923317.7015557
group,704276692.4799415
marks,716629647.3131667
souligne,720901716.5349649
avoirs,730963179.3465676
familial,731762708.1528339
chèque,732849149.6033771
adaptation,736448785.6540756
taxi,736698398.495859
firmes,737026680.5462366
conscient,741915612.2232245
micro,744370403.5895748
research,744624266.5178967
rentable,745311849.7769598
editions,755372197.6463007
cee,757726040.3731599
sélection,763087459.6917098
oxigène,778924271.4753869
précisions,793668992.4652188
onu,819698079.3559527
détection,829839606.167142
volts,834365550.3766564
parution,843800673.3691114
cfa,858316850.3964851
matériau,872474557.7370721
tél,942199971.3016194
avion,967376687.0045998
films,975882958.922111
